{"cameraMode":{"drawMode":0,"name":"Shaded","section":"Shading Mode"},"sceneLighting":true,"audioPlay":false,"sceneViewState":{"m_AlwaysRefresh":false,"showFog":true,"showSkybox":true,"showFlares":true,"showImageEffects":true,"showParticleSystems":true,"showVisualEffectGraphs":true,"m_FxEnabled":true},"in2DMode":false,"pivot":{"x":-0.13790148496627809,"y":0.37518399953842165,"z":-0.022496255114674569},"rotation":{"x":-0.691651463508606,"y":-0.007151461206376553,"z":0.006850253790616989,"w":-0.7221786379814148},"size":0.009776459075510502,"orthographic":false}